modelo,accuracy,precision,recall,f1,roc_auc,pr_auc,contatos_campanha,churn_evitado_estimado,custo_churn_evitado,custo_campanha_retencao,retorno_liquido_estimado,tp,fp,fn,tn
random_forest,0.7665010645848119,0.7419354838709677,0.18449197860962566,0.2955032119914347,0.830459324704849,0.6243816335414527,93.0,24.15,24150.0,3720.0,20430.0,69.0,24.0,305.0,1011.0
decision_tree,0.7508871540099361,0.5273159144893111,0.5935828877005348,0.5584905660377358,0.7799168152109328,0.47460404267491674,421.0,77.69999999999999,77699.99999999999,16840.0,60859.999999999985,222.0,199.0,152.0,836.0
knn,0.7459190915542938,0.5216216216216216,0.516042780748663,0.5188172043010753,0.7321256038647342,0.4483726224204927,370.0,67.55,67550.0,14800.0,52750.0,193.0,177.0,181.0,858.0
dummy,0.7345635202271115,0.0,0.0,0.0,0.5,0.2654364797728886,0.0,0.0,0.0,0.0,0.0,0.0,0.0,374.0,1035.0
