modelo,accuracy,precision,recall,f1,roc_auc,pr_auc,contatos_campanha,churn_evitado_estimado,custo_churn_evitado,custo_campanha_retencao,retorno_liquido_estimado,tp,fp,fn,tn
logistic_regression,0.7998580553584103,0.64375,0.5508021390374331,0.5936599423631124,0.8406856286651683,0.6326218769770164,320.0,72.1,72100.0,12800.0,59300.0,206.0,114.0,168.0,921.0
random_forest,0.7814052519517388,0.6078431372549019,0.49732620320855614,0.5470588235294118,0.8189193727556898,0.6058772845936253,306.0,65.1,65099.99999999999,12240.0,52859.99999999999,186.0,120.0,188.0,915.0
knn,0.7501774308019872,0.5295698924731183,0.5267379679144385,0.5281501340482574,0.7698726394378568,0.5033454457013528,372.0,68.94999999999999,68949.99999999999,14880.0,54069.999999999985,197.0,175.0,177.0,860.0
decision_tree,0.7210787792760823,0.4758269720101781,0.5,0.4876140808344198,0.6502415458937199,0.37063172589153337,393.0,65.45,65450.0,15720.0,49730.0,187.0,206.0,187.0,829.0
dummy,0.7345635202271115,0.0,0.0,0.0,0.5,0.2654364797728886,0.0,0.0,0.0,0.0,0.0,0.0,0.0,374.0,1035.0
