modelo,accuracy,precision,recall,f1,roc_auc,pr_auc
random_forest,0.7665010645848119,0.7419354838709677,0.18449197860962566,0.2955032119914347,0.830459324704849,0.6243816335414527
decision_tree,0.7508871540099361,0.5273159144893111,0.5935828877005348,0.5584905660377358,0.7799168152109328,0.47460404267491674
knn,0.7459190915542938,0.5216216216216216,0.516042780748663,0.5188172043010753,0.7321256038647342,0.4483726224204927
dummy,0.7345635202271115,0.0,0.0,0.0,0.5,0.2654364797728886
